Code,Label,Description,Units
KHAE-DAP,Developmentally Appropriate Practice,"Play-based, strengths-based, joyful, engaged learning across whole-child domains.","1, 2, 3, 4, 5, 6, 7, 8, 9, 10, 11, 12, 13, 14, 15, 16, 17, 18, 19, 20, 21, 22, 23, 24, 25, 26, 27, 28, 29, 30, 31, 32, 33, 34, 35, 36"
KHAE-ELOF,Whole-Child Early Learning Domains,"Approaches to learning, social-emotional development, language/literacy, cognition, motor and physical development.","1, 2, 3, 4, 5, 6, 7, 8, 9, 10, 11, 12, 13, 14, 15, 16, 17, 18, 19, 20, 21, 22, 23, 24, 25, 26, 27, 28, 29, 30, 31, 32, 33, 34, 35, 36"
KHAE-LIT-K,Kindergarten Literacy,"Oral language, print concepts, phonological awareness, alphabet knowledge, shared reading, drawing/writing, speaking/listening.","1, 2, 3, 4, 5, 6, 7, 8, 9, 10, 11, 12, 13, 14, 15, 16, 17, 18, 19, 20, 21, 22, 23, 24, 25, 26, 27, 28, 29, 30, 31, 32, 33, 34, 35, 36"
KHAE-MATH-K,Kindergarten Mathematics,"Counting/cardinality, comparing, sorting, composing/decomposing, measurement, data, geometry, patterning, problem solving.","1, 2, 3, 4, 5, 6, 7, 8, 9, 10, 11, 12, 13, 14, 15, 16, 17, 18, 19, 20, 21, 22, 23, 24, 25, 26, 27, 28, 29, 30, 31, 32, 33, 34, 35, 36"
KHAE-SCI-K,Kindergarten Science and Engineering,"Observation, weather/sunlight, living things, water/earth, motion, tools, safe inquiry, design, and evidence.","4, 5, 6, 11, 12, 17, 21, 22, 23, 24, 28, 29, 31, 32, 33, 34, 35"
KHAE-CIV-K,Early Social Studies and Civic Belonging,"Family, community, maps, places, helpers, traditions, symbols, citizenship, needs/wants, and shared responsibility.","1, 2, 3, 7, 8, 9, 10, 13, 14, 15, 16, 18, 19, 20, 25, 26, 27, 30, 36"
KHAE-SEL-K,Social-Emotional Learning,"Self-awareness, self-management, social awareness, relationship skills, responsible decisions, kindness, and repair.","1, 2, 3, 4, 5, 6, 7, 8, 9, 10, 11, 12, 13, 14, 15, 16, 17, 18, 19, 20, 21, 22, 23, 24, 25, 26, 27, 28, 29, 30, 31, 32, 33, 34, 35, 36"
KHAE-ART-K,"Arts, Music, Drama, and Creative Process","Creating, presenting, responding, connecting, rhythm, movement, visual design, storytelling, and reflection.","1, 2, 3, 4, 5, 6, 7, 8, 9, 10, 11, 12, 13, 14, 15, 16, 17, 18, 19, 20, 21, 22, 23, 24, 25, 26, 27, 28, 29, 30, 31, 32, 33, 34, 35, 36"
KHAE-HEALTH-K,"Health, Movement, and Safety","Gross/fine motor, body care, rest, nutrition, hygiene, movement, safe routines, and confidence.","1, 2, 3, 4, 5, 6, 7, 8, 9, 10, 11, 12, 13, 14, 15, 16, 17, 18, 19, 20, 21, 22, 23, 24, 25, 26, 27, 28, 29, 30, 31, 32, 33, 34, 35, 36"
KHAE-TECH-K,"Tools, Technology, and Unplugged Thinking","Sequencing, patterns, safe tool use, unplugged coding, digital citizenship, design, and creation.","24, 33, 34, 35"
